-- Issue #20 (follow-up): additive seed of Fist of Ilmater sessions 179–191
-- and their entities, on top of the already-applied 0011. Every insert is
-- idempotent (on conflict do nothing / additive connections).
-- Generated by scripts/generate-foi-0012.ts — do not edit by hand.

-- ==========================================================================
-- 0012 additive extraction — locations, factions, items, lore introduced in
-- sessions 179–191 (the Starforge climax and the Neverwinter Vecna cult).
-- No session references here, so this block precedes the session inserts.
-- IDs continue the sequences established in scripts/foi/head.sql.
-- ==========================================================================

insert into public.locations (id, campaign_id, name, kind, "desc", region, ruler, notes) values
  ('foi-l15', 'fist-of-ilmater', 'The Starforge',      'Forge',      'An ancient forge on the Shadowfell echo of Mount Hotenow, on an island in a crater lake of acid. Fire giants laboured here on a half-built war machine to rival the Vonindod, driven by the faint voice of Mephistopheles.', 'Shadowfell', null, 'Reached only by climbing the volcano — the lava keeps destroying the paths. Where Theldin was held and Akaanvaerd was slain.'),
  ('foi-l16', 'fist-of-ilmater', 'Evernight',          'City',       'A lively city of the undead beside a sea of lava in the Shadowfell, complete with a corpse market where the bodies of the dead are bought and sold. The mirror-image of Neverwinter across the veil.', 'Shadowfell', null, 'Linked to Neverwinter by the Crevices of Dusk. Its Dolindar tomb lies in the north graveyard.'),
  ('foi-l17', 'fist-of-ilmater', 'Ironslag',           'Giant Forge','Stronghold of the fire giants under Duke Zalto, where the Titan of Death — the Vonindod — was forged. Abandoned to the Shadowfell after Mount Hotenow''s eruption and the coming of Mephistopheles'' voice.', 'near Mount Hotenow', 'Duke Zalto', 'Brimskarda''s last clear memory was working the Vonindod here for her master.'),
  ('foi-l18', 'fist-of-ilmater', 'Waterdeep',          'City',       'The City of Splendors, chosen by the party as the new base of the Shields of the Crying God — a great port where travelers might spread word of the guild.', 'Sword Coast', 'The Open Lord', 'Picked over Helm''s Hold, Baldur''s Gate, Silverymoon and the ever-tempting Sexbierum.'),
  ('foi-l19', 'fist-of-ilmater', 'Neverdeath Graveyard','Graveyard', 'Neverwinter''s vast graveyard, riddled with crypts. The Hallix Mausoleum hides a Vecna-cult sect and a kitchen-crypt linked by a Crevice of Dusk to Evernight.', 'Neverwinter', null, 'Second cult hideout; where Sarcelle Malinosh and Umberto Noblin were held, and where Theothor met the Teeth of Vecna.');

insert into public.factions (id, campaign_id, name, sigil, "desc", allegiance) values
  ('foi-f9', 'fist-of-ilmater', 'The Undying Cult of Vecna', 'V', 'Cultists beneath Neverwinter who worship Vecna, the lich-god of secrets. Led by Zalryr, they siphon secrets from souls with runic-circle rituals, reducing failed volunteers to necrotic sludge. One of many sects hidden in the city''s catacombs.', 'Hostile');

insert into public.items (id, campaign_id, name, kind, "desc") values
  ('foi-i7', 'fist-of-ilmater', 'The Bow of Nylea',           'Bow',    'A bow of the goddess of the hunt found by Theothor in the Dolindar tomb. When it looses an arrow the seasons change, and the arrow becomes a living lynx.'),
  ('foi-i8', 'fist-of-ilmater', 'Shield of Missile Attraction','Shield', 'Taken from the hidden passage in Chanelle Hallwinter''s tomb. Cursed — but, the party decided, cursed in a good way.'),
  ('foi-i9', 'fist-of-ilmater', 'Weapon of Certain Death',    'Weapon', 'A gift from the Harpers that reshapes itself to fit its wielder. A creature it damages can''t regain hit points until the wielder''s next turn. Mastery: Vex.');

insert into public.lore (id, campaign_id, title, text) values
  ('foi-lo4', 'fist-of-ilmater', 'Vecna, the Undying Eye', 'Once a human wizard, Vecna ascended to lichdom and then to godhood — the god of secrets known and feared across many worlds. His symbol is an emaciated hand cradling a single eye. His cultists chant "Y''ai ''ng''ngah, Vecna h''ee" — the same words carved on the obelisks Mephistopheles harvested in Barovia. His link to the archdevil is unknown.'),
  ('foi-lo5', 'fist-of-ilmater', 'The Ordning and the Vonindod', 'Among giants, social rank is everything: storm giants highest, hill giants lowest, all bound in the Ordning. Duke Zalto''s fire giants of Ironslag once forged the Vonindod, the Titan of Death — an ancient Netherese war machine. Now a single voice, Mephistopheles'', unites giants across their kinds and drives them to raise such colossi again.'),
  ('foi-lo6', 'fist-of-ilmater', 'The Crevices of Dusk', 'Portals between the Shadowfell dread domain of Evernight and the Material Plane''s Neverwinter, built atop the old city. The scholar Eldon Keyward names the power behind them Psychoportation — teleportation drawn from Psionic magic, the fourth kind, whose source is the mind. Schematics lie in Candlekeep, and St. Ebenezer takes a quiet interest.');

-- ==========================================================================
-- Sessions 179–191 (generated from the updated play notes)
-- ==========================================================================

insert into public.sessions (id, campaign_id, num, title, date, in_game_date, image_url, summary) values
  ('foi-s179', 'fist-of-ilmater', 179, 'The Crater of the Starforge', '24-1-2026', 'Marpenoth 5', null, '| **Attendees** | Mort, Fynn, Berendd |

We have to actually climb the mountain, as there are no paths, because they keep getting destroyed by the volcano.

Fynn created a raven called Vex to scout up the mountain. Mostly rivers of lava. No creatures to be seen. Impact crater with ruins at the edges → Lake greenish water with a small island with a large creature with flaming hair. Huge red dragon is guarding the crater, blowing fire at the buildings on the rim. Crater is a couple hundred feet wide.

“Darn dragon, that was my axe!” Fire Giant thrown  
Lake 150 down from the edge.  
Dimension door-ed into the building on the island, minus Theothor. Partially constructed warmachine in the corner. Human man on top of a giant anvil.

We tried to convince the fire giants of being sent by Mephistopheles. Didn’t really work. Zolheml and Brismkarka are sisters. Fynn is very drunk because of a giant mug of ale.  
As we ended the session we were still (badly) trying to convince the Fire Giants that we are on their side.')
on conflict (id) do nothing;

insert into public.sessions (id, campaign_id, num, title, date, in_game_date, image_url, summary) values
  ('foi-s180', 'fist-of-ilmater', 180, 'Brimskarda''s Confession', '6-2-2026', 'Marpenoth 5', null, '| **Attendees** | Everyone! |

Brimskarda told us their story:  
Positioning in the ordning is everything → Social rank within giants. Hierarchical extended beyond tribes. Fought up ranks of FG’s. Married Duke Zalto: Ruler of FG’s. Gomoth left the tribe and took slaves. Tried to revive Megeira. Caused MH to erupt, killing thousands. Ironslack where they lived, traveled to MH to stop Gomoth. Heard strange voices.  
Alliance with drow → betrayal  
Dwarfs took out the drow lead by Breunor Battlehammer  
Fled to Shadowfell to recuperate.  
Met Akaanvaerd here, kind dragon.  
Breunor Battlehammer was killed by a pit fiend. Ten years after eruption. Gomoth was nowhere to be found.  
15 years ago Gomoth attacked Gantlgrym, but Gauntlfgrym won.  
Felt useless arriving too late.  
Found out Gomoth and his cult was hiding in the Temple of the Primordial. Made bunch of copies of himself. Fought him in the cave and won.  
Voices then latched onto them. Prepare for war. Titan of Death (Vonindod) = Ancient machine needed to be revived. Voice was Meph.  
All giants listen to the same voice. Started working together with Frost Giants. Took over land from the dwarfs.  
An explosion took assistants and the voice of Mephistopheles. So did the FG’;s near the explosions. Mostly safe here. Voice returned faintly to some. Planned to get into his good graces, but need to build a machine to rival the Vonindod.  
The Runic Colossis. Need help → Theldin, Forge of Spells. Contacted the Hill Giants of Grudd Haug.

Detect Magic on Brimskarda revealed: Abjuration, Divination and Enchantment.  
Oliver and Fynn BOTH tried Dispel Magic on Brimskarda.  
Dispelled all of them, but one of them was a spell of a level that we will never be able to cast. Brimskarka knew where she was, but not how she got there. The last thing she remembers is that she was in Ironslag working on the Vonindod for her master: ???  
Apparently Brimskarda knows Barendd → “How did you escape the city”.  
Brimskarda is set on returning to Ironslag to finish the Vonindod, which is also a problem in and of itself.

We tried to dispel the magic on Zohelm, but failed. This caused them to attack us.

→ Fire imm, acid res

We killed Zohelm.  
Killed a salamander (\< 87 HP)  
Fynn tried to free Theldin

Fynn message to Barendd: “If you don’t hear from me in 12 seconds, Dimension Door to where we came from and make sure everyone else does too.”  
→ Plan is for Fynn to try and Dimension Door with Theldin to safety and have the rest follow. *Now that I think about it, it might not be such a good idea.*

Meanwhile, we killed Brimskarda too. Left combat at the end of the session.')
on conflict (id) do nothing;

insert into public.sessions (id, campaign_id, num, title, date, in_game_date, image_url, summary) values
  ('foi-s181', 'fist-of-ilmater', 181, 'Speak with the Dead', '13-2-2026', 'Marpenoth 5', null, '| **Attendees** | Almost everyone, if it wasn’t for Bas being sick af |

Unshackled Theldin and gave him some healing.  
Faded the brand on Theothor.  
Speak with Dead on Brimskarda:

* **What happened at the Conclave of Silverymoon?**  
  * Gomoth  
* **What happened at the SCHOOL the Conclave of Silverymoon a year and a half ago?**  
  * Doesn’t know  
* **What is Mephistopheles’ end goal?**  
  * A fair and beautiful world for everyone. \<3  
* **What are contender right hand of Mephistopheles**  
  * Doesn’t know what that means. Currently it is Hutijin ([link](https://docs.google.com/document/d/1uJLDvkO8FdxidRvzMJYBj1Ijl_XijIoCVzaZ3qVodkk/edit?tab=t.0#heading=h.iw5qiuplwlae))  
* **Akaanvard’s intentions?**  
  * Kind man, lost his way.

Got caught up in the fight between the other Fire Giants and Akaanvaerd. Struck a deal with the FG’s: let them survive and we can have Theldin. And so we started to fight Akaanvaerd.

Fire giants after being pulled into the burning lake of acid: Glowing red eyes, shadowy stuff pouring from their orifices

Theothor was forced to flee by way of the “Command” spell and he choice to banish himself to his home plane. Arrived in a cavern deep below the siren sea. Cavern of steel, a kraken chained to the wall, seats mounted on top of it. Dark, half-Leonin, half-machines are there. They walk towards the kraken to pilot it.')
on conflict (id) do nothing;

insert into public.sessions (id, campaign_id, num, title, date, in_game_date, image_url, summary) values
  ('foi-s182', 'fist-of-ilmater', 182, 'Into the Lake of Acid', '27-2-2026', 'Marpenoth 5', null, '| **Attendees** | Fynn, Mort, Oliver |

FG’s lazely threw rocks, but at immense force.  
Mort killed the dragon and crashed its corpse into a fire giant. However, that caused Mort to slam into a wall and fall into the acid lake, leaving his rapier on the top of the building. Stuck on a pillar.

Fynn grabbed Theldin and Dimension Door-ed

Another shriek and the temperature drops. A skeletal version of Akaanvaerd appeared. Mort managed to climb up the rim.')
on conflict (id) do nothing;

insert into public.sessions (id, campaign_id, num, title, date, in_game_date, image_url, summary) values
  ('foi-s183', 'fist-of-ilmater', 183, 'The Fall of Akaanvaerd', '20-3-2026', 'Marpenoth 5', null, '| **Attendees** | Fynn, Mort, Oliver |

Slain Akaanvaerd, sought shelter in one of the ruins; took a long rest. Mort’s sword is still on top of the roof, which he took back with some help from Fynn’s “Fly” spell.

We had a Teleportation Circle opened, leaving Theothor (who banished himself) behind. Arrived safely back at the guild in Triboar. From there we teleported to the Forge of Spells.

Decided to accompany Theldin to the Forge of Spells as he works on upgrading our Dragon-Touched weapons and amulets.

During this time we plan on discussing:

* Celebrate Theothor who is definitely still very much alive and not dead.yes.  
* when to fulfil out debt to Neverwinter  
* our headquarter’s location  
* Barendd’s party position  
* Go over our side quests  
* Go over what to do next')
on conflict (id) do nothing;

insert into public.sessions (id, campaign_id, num, title, date, in_game_date, image_url, summary) values
  ('foi-s184', 'fist-of-ilmater', 184, 'Evernight and the Bow of Nylea', '3-4-2026', 'Marpenoth 5', null, '| **Attendees** | Everyone! Yay! |

Theothor’s adventures:  
Cold lamps, iron walls, dark cavern. Reflection in water below. Multiple layers between Theothor and the water.  
Strange type of magic that is being used.  
About 15 Leonin in this cavern, one on Theothor’s level.  
Got caught by one of the Leonin after opening a creaking door.  
Found a bow he recognized. When shot seasons changed. Bow of Nylea.  
Theothor shot an arrow at the Leonin, after which the arrow turned into a Lynx.  
Killed all the Leonin there.  
Canceled the banishment and returned to the Starforge.  
The teleportation circle the rest of the group used doesn’t look fresh anymore, which is weird because Theothor was only gone for about 45 seconds and the teleportation circle takes a minute to cast.

Flew to Evernight, lively city of undead, including a corpse market, where the bodies of the dead are bought and sold.  
Dolindar tomb in the north graveyard in which Theothor will find someone delving for treasure. Someone not from the city with means to get to Neverwinter.

—----------

Strange caller to Barendd: you want to see Mumpena again.  
“In the Wave Echo Cavo you will find the Forge of Spells. What you might not expect to find there are goblins. Mind goblins. Seek them out and retake the Forge of Spells from these *supposed heroes*. Kill Fynn and the others.”  
Barendd said: “I’ll think on it”.  
Tried to NOT get teleported to the Wave Echo Cave.  
White Void, tiny black dot. Gets closer, some sort of scenery, forest. Like a cracked, framed painting of a forest. Smell of rotten glass. Painting passes us by.  
Many more scenes appeared, some distorted, some shattering, some pristine. None reach us. Tried to catch one, but they were too far away. Saw the world Theothor was in.

Suddenly, arrived at the Forge of Spells.  
Floop (through Kelle Japtein): Some guys from Neverwinter are in Evernight right now.  
Gave our Dragon Touched magic items to Theldin.

**About our plans:**

* Celebrate Theothor who is definitely still very much alive and not dead.yes.  
* when to fulfil out debt to Neverwinter  
  * Plan to return to Neverwinter tomorrow  
* Our headquarter’s location  
* Barendd’s party position  
* Go over our side quests  
* Go over what to do next')
on conflict (id) do nothing;

insert into public.sessions (id, campaign_id, num, title, date, in_game_date, image_url, summary) values
  ('foi-s185', 'fist-of-ilmater', 185, 'The Dolindar Tomb', '11-4-2026', 'Marpenoth 5', 'https://nsemknuzupcnvctevgfd.supabase.co/storage/v1/object/public/entity-images/foi/image58.png', '| **Attendees** | Rip Babsie, hij is uit de band gestapt. ‘*F*’ - de groep |

“*There’s no point in having money if the world has ended, Fynn.*”

- Mort

**Options for headquarters**

* A city, so we can help more people  
* Preferably with lots of travelers, so that we might spread the word of the guild, such as a port city.  
* Possible destinations:  
  * Helm’s Hold  
  * Baldur’s Gate  
  * Moonshae Isles  
  * Waterdeep  
  * Neverwinter  
  * Sembia = upcoming economic merchant power + possible beaches  
  * Silverymoon?  
  * Sexbierum = up and cumming

Theothor arrived at Dolindar Tomb, where he fought a spider-like monster *[image not included due to arachnophobia sufferers]*. He also became friends with **Newmy** and fought with some horrific entity. Helped someone to solve a puzzle.

Crevice of Dusk = Portal between Shadowrealm and PMP.  
Sons: Nolan, Evisha.  
![](https://nsemknuzupcnvctevgfd.supabase.co/storage/v1/object/public/entity-images/foi/image58.png)![](https://nsemknuzupcnvctevgfd.supabase.co/storage/v1/object/public/entity-images/foi/image59.png)

Boat with big-headed goblins on it? Disappeared? Wtf?

![](https://nsemknuzupcnvctevgfd.supabase.co/storage/v1/object/public/entity-images/foi/image60.png)\< Eldon Keyward')
on conflict (id) do nothing;

insert into public.sessions (id, campaign_id, num, title, date, in_game_date, image_url, summary) values
  ('foi-s186', 'fist-of-ilmater', 186, 'A Base in Waterdeep', '1-5-2026', 'Marpenoth 6', null, '| **Attendees** | Mort, Oliver, Fynn  |

* We have decided that we will start our base in **Waterdeep**.  
* Wishlist that we gave to the Harpers:  
  * A weapon (like a sword) that might help us stop Mephistopheles  
  * A multi-people transporter/teleporter, because teleportation magic is draining.  
  * Something that grants invisibility, preferably a ring or earring  
  * Something that allows us to cast more spells (because spellcasters get drained easily)  
  * Party-wide telepathy (a way to easily communicate with each other, ideally over longs distances and/or without other people hearing it.)  
* Were met in the WEC by Rudolph van Richten, who came to summon us. Has been struggling with adjusting to the hero''s life. Too many people, too many groups. He’s more of a lone wolf.  
* Received our items back from Theldin, asked us to find Elder Dragon scales.  
* Theldin → Niece Dana + worthless husband lived in Port Llast, we will ask around in Neverwinter, maybe they’re among refugees.  
* Were teleported back to Triboar by an extension of St. Ebenezer.  
* St. Ebenezer didn’t know about the white void, didn’t ring a bell. Stuck between space and time. Only someone with powers as strong as gods may do something like that. Someone contacted Barendd through the antimagic field.  
  * Fynn mused: did Mephistopheles gain godlike powers?  
  * St. Ebenezer mused:  
    * First time white void: Killed Strahd → got into white void → killed Strahd again → got out of white void.  
    * Second time white void: Did nothing → got into white void → did nothing → got out of white void.  
* St. Ebenezer has a tracker with which he can see the location of all heroes while they are on the PMP.  
* Bunk beds in a large hall in the guild. Shared room, but everyone has their own bed and chest. Also large showering room enchanted to have a permanent light drizzle and a hot tub, coals underneath. We chose the hot tub.  
* Mats Boevelot ofzo is a hero in the guild. Gave us the items we asked from the Harpers:  
  * 2 Rings of Spell Refueling: While wearing this ring, you can recover one expended spell slot as a Bonus Action. The recovered slot can be of level 3 or lower. Once used, the ring can’t be used again until the next dawn.  
  * 5 Earrings of Message: The blue crystal of this earring is wrapped with delicate copper wire. The earring has 5 charges. While wearing it, you can use an action to expend 1 charge and cast the message spell. The earring regains 1d4+1 expended charges daily at dawn.  
  * A Weapon of Certain Death (changes shape to fit the holder): When you damage a creature with an attack using this magic weapon, the target can’t regain hit points until the start of your next turn. + Mastery: Vex.  
* Talked to Floop, who is overseeing things in Weaver’s absence.  
* Teleported to Neverwinter, where we will start next session.')
on conflict (id) do nothing;

insert into public.sessions (id, campaign_id, num, title, date, in_game_date, image_url, summary) values
  ('foi-s187', 'fist-of-ilmater', 187, 'Hail the Undying', '14-5-2026', 'Marpenoth 6 (about noon)', null, '| **Attendees** | Mort, Oliver, Fynn  |

Were met in the teleportation room by a large human man, blue cape and armor; almost regal: **Lord Protector Dagult Neverember.**

Assignment:

* In tavern find human woman in leather armor called **Kevori Fearnehart**: investigator employed by LP  
* Kevori investigates suspicious cult activity with brother **Delvin,** who is now dead  
* Desiccated eyeball (op-/uitgedroogd) is the only lead  
* Talk to Kevori for instructions

Kevori:

* Delvin went undercover with cultists (his face morphed?)  
* He didn’t know the location of their hideout; was magically veiled  
* Week ago found Delvin dead, had the eyeball with him  
* Meeting place where she found Delvin’s body: last place they were to reconvene  
* What she can tell us about the cultists:  
  * Serve a lich (don’t know the name of the lich) [haven’t we met a lich be4?]  
    * Lichdom = form of undead that wizards & other mages could become to “live” forever. Unknown to us how one become’s a lich. An item holds the soul, as long as that item is safe, the lich is alive. Liches must consume souls to prevent themselves from decaying. Generally seen as something evil, but it doesn’t *have* to be evil. All liches have great power.  
  * Experimenting with runic circles, doing stuff to their shadows: “They would be tied down in the middle of a runic circle and then using the surrounding light, cast a shadow, do things to the shadow”.  
  * Kidnappings that led back to the cultists  
  * Some of them were found dead, cultists used them in early experiments  
    * Scarred, almost beyond recognition: face seemed mutated (brother also had seemed some)  
  * 6 more people MIA:  
    * Umberto Noblin  
    * Darryne Hempgloom  
    * Jerot Galgin  
    * Sarcelle Malinosh  
    * Indrina Lamsensettle  
    * Eldon Keyward  
  * Were presumably testing things on innocent people and then on themselves.  
* Asked her if we could dig up her brother’s body (buried in the **Neverdeath Graveyard**), if all other trails turn cold.  
* If we manage to find their hideout: Killing the cultist is allowed, but LP Neverember prefers captives for information.

We were stopped by some guard guy:

* **Jimmy**  
* Asked for our papers, was visibly shaken when we told him we were working for LP Neverember.  
* First day on the job  
* Told us no refugees from Port Llast entered Neverwinter  
* Big explosion above Port Llast after some of our guild went there

Found a secluded alleyway to investigate the eyeball:

* Detect Magic: Aura of Divination Magic  
* Identify: Key phrase to this eyeball. When said, it will point to the direction of the hideout. The key phrase = “Hail the undying”.  
* Said the phrase: eyeball started glowing with green light and spins to the North East.

Arrived at the location:

* Alley with a blocked dark tunnel  
* Informed Kevori that we found the location  
* Went inside stealthily  
  * 10ft high ceiling  
  * Tunnel down, 20 ft below street level, ending in a wide chamber, sound of lapping water.  
* Waded through a water-filled tunnel, where we encountered a creature lurking in the water.  
* A room later, we found a ghost wearing armor:  
  * Has an orb for a head.  
  * Doesn’t remember who he was before he died. Is very forgetful in general.  
  * Has a crest/coat of arms on the back of the armor: Blunted Six-point Crown = crest of the Hallwinter Family → Produced knights in cities like Neverwinter and Waterdeep. We know Sildar Hallwinter, whom we rescued from the Gragmaws, was travelling with Gundren Rockseeker and an escort. Took him to Phandelin afterwards, where we went into the Redbrand Hideout where we captured Iarno, whom Sildar volunteered to escort to Neverwinter. Found out he died.  
  * Cannot leave the room, gets joinked back.  
  * Dispel Magic and Remove Curse didn’t do anything.  
  * Little did we know there was a sarcophagus in the room beyond, literally about 40 feet away. Name on the inscription said: **Makalia Siannodel.**  
    * Heart shaped golden locket on a bookshelf. Inside it says “My dearest Chanelle” and contains a picture of a woman.  
    * Incense sticks and a component pouch  
    * A fake book containing a Spell Scroll of Protection from Evil and Good.  
  * We said the name **Chanelle Hallwinter**, her face returned along with her memories. Chanelle Hallwinter = her.  
  * She walked up another staircase, into a room with another sarcophagus with her name on it:  
    * She disappeared.  
    * A hidden passageway appeared in the room of her sacrophagus.  
    * Contained a Shield of Missile Attraction, which we took with us:  
      * It is cursed, but in a good way.')
on conflict (id) do nothing;

insert into public.sessions (id, campaign_id, num, title, date, in_game_date, image_url, summary) values
  ('foi-s188', 'fist-of-ilmater', 188, 'The Cult of Vecna', '23-5-2026', 'Marpenoth 6', null, '| **Attendees** | “The core group” |

* Room with shrine:  
  * Eight zombies (which we killed)  
  * Eye on the floor and on the shrine  
  * Shrine dedicated to **Oghma**, deity of Creation & Invention.  
  * Text on the shrine says:  
    * An idea has no heft but it can move mountains.  
      An idea has no authority but it can dominate people.  
      An idea has no strength but it can push aside empires.  
      Knowledge is the greatest tool of the mortal mind, outweighing anything made by mortal hands.  
      Before anything can exist, the idea must exist.  
  * Images of Oghma normally joyful, but this one shriveled. Energy seems sucked out of this shrine and used for something else. Misused. Oghma didn’t like that, according to Oliver.  
* Hallways beyond:  
  * Double door, locked, one eye, empty socket next to it. Oliver put the eyeball we found in the empty socket, which opened the door.  
* Hall down the stairs:  
  * Stone pews, relatively clean. Probably recently used and/or cleaned.  
  * Black candles  
  * Stone sculpture of an emaciated hand with one eyeball in its palm. Symbol of **Vecna** (lich and God of Secrets Known and feared on many worlds):  
    * Vecna once human, “ascended” to lichhood, then to godhood.  
* Next room:  
  * Table with parchment:  
    * Cult Experiments  
      * The cult''s leader, **Zalryr**, is experimenting with ways to magically siphon secrets from an individual''s soul. Early experiments reduced volunteers to piles of necrotic sludge, which were disposed of in the sewerage.  
    * Others?  
      * The cultists here are but one sect of many that have infiltrated Neverwinter. The other sects have chosen different areas of the city''s catacombs as their respective hideouts.  
  * Books line the walls:  
    * Books about dark magic  
    * School books  
  * Ebony lockbox:  
    * Trapped → Necrotic explosion  
    * Contains two Potions of Greater Healing  
  * Spell scrolls:  
    * Blindness/Deafness  
    * Death Armor  
    * Negative Energy Flood  
    * Wither and Bloom  
* Whisper room:  
  * Cacophanous whispers fill this room  
  * Robed figure with slick back oily hair is chanting; skin gaunt and gray  
  * Craved into the floor before him a runic circle pulsing with sickly green light. Two people in the circle, turning into shadowy lanky entities.  
  * After defeating/capturing most people,. the runic circle started pulsing, glowing. A skull appeared with one glowing eye.  
  * Apparition turned Zalryr and the captured fanatic into sludge. It also passed through us, dealing massive amounts of typeless damage.  
* Evidence collected:  
  * Vial of person sludge  
  * Notes of the ritual circle: Y''ai ''ng''ngah, Vecna h''ee - l''geb f''ai throdog uaaah. → I call death, Vecna answers - here they call trembling.  
    * Same thing that it said on the obelisks in Barovia that Meph was taking  
  * Aforementioned papers  
* Plan:  
  * Turn evidence in to Kevori:  
    * Cultleader called **Zalryr** was trying to magically siphon secrets from souls. They might have been successful (do we know?). Would explain her brother’s death.  
    * People on whom the early experiments failed were dumped in the sewerage.  
    * Cult worships Vecna.  
    * Cult is much more widespread. There are multiple sects spread throughout Neverwinter’s catacombs.  
  * Share what we found with the guild  
    * Is Meph trying to become a god?  
    * Did the cult (try to) release Vecna? If so, why?  
    * What is the connection between Meph and Vecna?')
on conflict (id) do nothing;

insert into public.sessions (id, campaign_id, num, title, date, in_game_date, image_url, summary) values
  ('foi-s189', 'fist-of-ilmater', 189, 'The Hallix Mausoleum', '5-6-2026', 'Marpenoth 6 (early afternoon)', null, '| **Attendees** | Oliver, Fynn, Mort, Theothor |

| To do |
| :---- |
| **Main quest:**  Spend a day in Neverwinter to help the Lord Protector as payment for the teleportation.	 Regrow that one man’s penis Ask around about Theldin’s niece Dana and her worthless husband. **Side quests:** Go to Mithral Hall to ask around about Gargosh Blusterhelm and Drannin Splithelm Find out from the Fire Giants what happened in Silvery Moon (Fynn) Gomoth Find out if he is truly dead Maybe go to Silverymoon? Give Barendd a party position (Barendd) Have Oliver cast Regenerate on Mort for his eye. Find scales of an Elder Dragon for Theldin Check if everyone has a Strike of the Giants feature. |

**Correction to previous notes:**

* The ritual was for turning two cultists into something else (stealing their secrets). The ritual circle then started glowing and pulsing and disappeared.  
* The skull appeared afterward, said: The smoke *[that appeared from Zalryr as he died]* gathers in the center of the chamber, where it coalesces into an apparition of an emaciated skull with one glowing green eye. The apparition speaks in a hissing baritone. "Good news, Zalryr. Though your efforts have been disappointing, you have brought me new... points of interest." The apparition swivels to look at each of you in turn. "Yes, there is great potential here. May we meet again—but until then, I have my eye on you." The apparition then explodes into streaks of shadow, passing through each of you with a whispered scream before vanishing., passed through us, did damage, gave us Charms and disappeared again.

**Main group:**

* Tried to find their way back to the Moonstone Mask, were eventually escorted by a friendly guard.  
* Started out in the River District / northeast. Passed the Shard of the Moon and the Hallowed Temple of Selune and walked past the Blacklake District to the northwest. Passed Castle Never and took the Sleeping Dragon Bridge, passing the Dolphin Bridge and the Winged Wyvern Bridge. In the Protector’s Enclave, to the southeast, we passed the Hall of Justice and went to the docks. There we walked past the Tarmalune Trade House before finally arriving at the Moonstone Mask.  
* Spoke to Kevori. A Second location was found: Neverdeath Graveyard → Hallix Mausoleum. Sus people going in and out.  
* Went to Neverdeath by backtracking to the Hall of Justice, then heading east past the Trade of Blades and Allis Lhyssich’s Hand Crafted Weapons and Magical Weapons for Noble Causes. We walked through Pauper''s Field to finally get into the main graveyard, where we found the Hallix Mausoleum, which we entered.

**Theothor:**

* Theothor had a rest and activated the Crevice of Dusk with Eldon.  
* Whisked away by tendrils as they tried to use the crevice to return to Neverwinter.  
* Arrived in a kitchen underneath Neverdeath, in a crypt connected to the Hallix Mausoleum.  
* “Teeth of Vecna”. Real name is Oxtu. Got into a fight with them.

—-------------------------------------------------------

## Long Rest

Approx time of day: evening.

* Entered the second location, got into a fight with wights.  
* ALMOST Reunited with Theothor.')
on conflict (id) do nothing;

insert into public.sessions (id, campaign_id, num, title, date, in_game_date, image_url, summary) values
  ('foi-s190', 'fist-of-ilmater', 190, 'The Missing of Neverdeath', '28-6-2026', 'Marpenoth 6 (afternoon)', null, '| **Attendees** | Barendd, Fynn, Mort |

Cleared the dungeon. Theothor fell asleep, as well as Oliver.

**Eldon Keyward**

* **Goal:** Loves learning about teleportation and helping  
* In the employ of Neverwinter  
* Scholar on teleportation devices between Evernight and Neverwinter  
* He’s not sure why Neverwinter would want that  
* Crevices of Dusk should bring you to the dread domain that Evernight is located in  
* Found out these cultists have a crevice, they kidnapped him, but he escaped.  
* Speaks of Psionic magic as the fourth type of magic.  
  * Duergar more prone to developing “mindfire” than other species.  
  * Psionic magic comes from inside, from the brain → brain = source.  
* Speaks of Psychoportation rather than Teleportation.  
  * Psychoportation: Teleportation through Psionic Magic.  
* New Neverwinter was built on top of old Neverwinter  
* Eldon teleported to Evernight through the crevice and ended up in a tomb there.  
* Has found schematics of the Crevices in the libraries of Candlekeep  
* St. Ebeneezer is also involved in all this. Eldon is obliged to sharing any and all information he learns with St. Ebeneezer.  
* Went on his way, might see him later back in Triboar.

**Further investigation of the dungeon:**

* Found a woman gagged and tied in a side room:  
  * **Sarcelle Malinosh** (on of 6 people mentioned as missing by Kevori)  
  * Kidnapped by members of the cult. Sitting at home when robed, masked figures busted down her door. Was four weeks ago.  
  * Wild magic sorcerer, but stripped of power during travel to distant plane.  
  * Theory: seems to have been targeted specifically  
  * **Jerot Galgin** (another missing person) rings a bell, might be a wizard  
  * Knows **Indrina Lamsensettle** (another missing person) = actress  
  * Also knows Eldon  
  * The sarcophagus room she was held in was completely scrubbed and stripped from any name plates or other markings.  
* One room has a grate covering a 3ft deep pit containing:  
  * Small gold harp  
  * Handful loose papers  
    * Plans to kidnap a Neverwinter aristocrat Indrina Lamsensettle, knows an important secret of the Lord Protector.  
    * “Her secrets will prove a worthy sacrifice”  
  * Piece of bloody cloth  
* Water room  
  * Contains water elemental and two water weirds.  
  * Spoke to them:  
    * Bullied by cultists  
    * If no harm is done, they will do no harm  
    * Once bound to serve the Waterclock Guild, but now free.  
    * Enjoy the perpetual rain in the room  
    * Lockey a creature in that padlocked room  
    * Fish creature in the next room. Shanzezim; was also bound. Still bound to the crypts tinkering with clocks. Neutral as well.  
  * The water creature opened the door with person behind it for us: Umberto Noblin

**Umberto Noblin:**

* Historian of Vecna, lover of the culinary arts.  
* Knows a lot about the relationship between Cas the Vampire and Vecna:  
  * Owns a painting of a young Cas and a young Vecna.  
* Captured by cultists 34 days ago while writing at home

Had both Umberto and Sarcelle wait outside the dungeon.')
on conflict (id) do nothing;

insert into public.sessions (id, campaign_id, num, title, date, in_game_date, image_url, summary) values
  ('foi-s191', 'fist-of-ilmater', 191, 'Loose Ends in Neverwinter', '3-7-2026', 'Marpenoth 6 (early afternoon)', null, '| **Attendees** | Theothor, Mort, Fynn, Barendd??? |

| To do |
| :---- |
| **Main quest:**  Spend a day in Neverwinter to help the Lord Protector as payment for the teleportation.	 Regrow that one man’s penis Ask around about Theldin’s niece Dana and her worthless husband. **Side quests:** Go to Mithral Hall to ask around about Gargosh Blusterhelm and Drannin Splithelm Find out from the Fire Giants what happened in Silvery Moon (Fynn) Gomoth Find out if he is truly dead Maybe go to Silverymoon? Give Barendd a party position (Barendd) Have Oliver cast Regenerate on Mort for his eye. Find scales of an Elder Dragon for Theldin Check if everyone has a Strike of the Giants feature. |')
on conflict (id) do nothing;

-- ==========================================================================
-- 0012 additive extraction — people, arcs, quests, events, connections and
-- board positions for sessions 179–191. This block follows the session
-- inserts, since it references the new session ids.
-- IDs continue the sequences from scripts/foi/tail.sql.
-- ==========================================================================

-- People -------------------------------------------------------------------
insert into public.people (id, campaign_id, name, epithet, race, role, disposition, location_id, faction_id, last_seen_session_id, notes) values
  ('foi-p28', 'fist-of-ilmater', 'Theldin',              'Smith of the Forge of Spells',   'Human',      'Master smith of magic items',            'ally',    'foi-l4',  null,     'foi-s186', 'Abducted by Guh''s hill giants and sold to the fire giants, who held him at the Starforge. Freed by the party and brought to the Forge of Spells, where he upgrades their Dragon-Touched gear and asks for Elder Dragon scales. His niece Dana lived in Port Llast.'),
  ('foi-p29', 'fist-of-ilmater', 'Akaanvaerd',           'The Kind Dragon (dec.)',         'Red Dragon', 'Guardian of the Starforge crater',       'hostile', 'foi-l15', null,     'foi-s183', 'A red dragon of the Shadowfell, called kind but lost his way. His echo on the Material Plane was Venomfang. The party were forced to slay him over the acid lake — then had to put down his skeletal echo too.'),
  ('foi-p30', 'fist-of-ilmater', 'Brimskarda',           'Widow of the Vonindod (dec.)',   'Fire Giant', 'Fire giant of Ironslag',                 'hostile', 'foi-l15', null,     'foi-s181', 'Married Duke Zalto and worked the Vonindod at Ironslag. Fought Gomoth, was corrupted by Mephistopheles'' voice, and fled to the Shadowfell. Set on finishing the Titan of Death; she knew Barendd. Killed with her sister Zohelm; Speak with Dead named Hutijin as Mephistopheles'' current right hand.'),
  ('foi-p31', 'fist-of-ilmater', 'Duke Zalto',           'Lord of Ironslag',               'Fire Giant', 'Ruler of the fire giants',               'hostile', 'foi-l17', null,     null,       'Ruler of the fire giants and master of the Vonindod project. Brimskarda''s husband; never yet faced by the party.'),
  ('foi-p32', 'fist-of-ilmater', 'Gomoth',               'The Mad Fire Giant',             'Fire Giant', 'Founder of the Cult of Gomoth',          'hostile', null,      'foi-f7', null,       'Left his tribe, took slaves, and tried to revive Maegera — erupting Mount Hotenow and killing thousands. Made copies of himself and was defeated in the Temple of the Primordial. Whether he is truly dead is a lingering question.'),
  ('foi-p33', 'fist-of-ilmater', 'Dagult Neverember',    'Lord Protector of Neverwinter',  'Human',      'Ruler of Neverwinter',                   'unknown', 'foi-l11', null,     'foi-s187', 'Regal, blue-caped ruler who set the party a day''s service to repay their teleportation debt: root out a cult murdering his people. Prefers captives to corpses. Someone in the cult knows one of his secrets.'),
  ('foi-p34', 'fist-of-ilmater', 'Kevori Fearnehart',    'The Protector''s Investigator',  'Human',      'Investigator of the Lord Protector',     'ally',    'foi-l11', null,     'foi-s189', 'Investigates the Vecna cult with her brother Delvin, who went undercover and was found dead a week later with a desiccated eyeball — the party''s only lead. Six other Neverwintans remain missing.'),
  ('foi-p35', 'fist-of-ilmater', 'Zalryr',               'Cult Leader (dec.)',             null,         'Leader of the Undying Cult',             'hostile', 'foi-l11', 'foi-f9', 'foi-s188', 'Gaunt, oily-haired cult leader experimenting with ways to siphon secrets from souls; early volunteers became necrotic sludge. When his god judged his efforts disappointing, the apparition of Vecna turned him to sludge as well.'),
  ('foi-p36', 'fist-of-ilmater', 'Chanelle Hallwinter',  'The Forgetful Ghost',            null,         'Bound ghost of the Hallwinter line',     'unknown', 'foi-l11', null,     'foi-s187', 'An orb-headed ghost knight bound to her tomb, bearing the Hallwinter crest — kin to Sildar Hallwinter. She had forgotten her name; when the party spoke it, her memory and face returned and she was laid to rest, revealing the Shield of Missile Attraction.'),
  ('foi-p37', 'fist-of-ilmater', 'Eldon Keyward',        'Scholar of Psychoportation',     null,         'Teleportation scholar of Neverwinter',   'ally',    'foi-l19', null,     'foi-s190', 'Studies the Crevices of Dusk linking Evernight and Neverwinter, and names their power Psychoportation. Kidnapped by the cult and escaped; found schematics in Candlekeep and is bound to share all he learns with St. Ebenezer.'),
  ('foi-p38', 'fist-of-ilmater', 'Sarcelle Malinosh',    'The Stripped Sorcerer',          null,         'Wild magic sorcerer',                    'ally',    'foi-l19', null,     'foi-s190', 'One of Kevori''s six missing. Robed, masked cultists broke down her door a month ago; her wild-magic power was stripped during the journey to a distant plane. She seems to have been targeted on purpose.'),
  ('foi-p39', 'fist-of-ilmater', 'Umberto Noblin',       'Historian of Vecna',             null,         'Historian and gourmand',                 'ally',    'foi-l19', null,     'foi-s190', 'One of the six missing, taken while writing at home. A historian of Vecna and lover of the culinary arts; knows the tangled tale of Cas the Vampire and Vecna, and owns a painting of the two of them when young.'),
  ('foi-p40', 'fist-of-ilmater', 'Vecna',                'The Whispered One',              'Lich God',   'Overarching villain',                    'hostile', null,      'foi-f9', 'foi-s188', 'Appeared over the ritual as an emaciated skull with one glowing green eye, judged the cult, and marked the party: "there is great potential here... I have my eye on you." His words match the obelisks Mephistopheles harvested in Barovia; the link between them is unknown.'),
  ('foi-p41', 'fist-of-ilmater', 'St. Ebenezer',         'Undead Saint of the Guild',      null,         'Saint of teleportation',                 'ally',    'foi-l1',  'foi-f1', 'foi-s186', 'One of the undead saints who tend the guild''s floors. Teleported the party home and can track every hero on the Material Plane. The white void troubles him — only a power to rival the gods could make such a thing.')
on conflict (id) do nothing;

-- Arcs ---------------------------------------------------------------------
-- The Mount Hotenow arc pays off at the Starforge, so extend it to 184.
update public.arcs set end_session_id = 'foi-s184'
  where id = 'foi-arc3' and campaign_id = 'fist-of-ilmater';

insert into public.arcs (id, campaign_id, title, summary, start_session_id, end_session_id, order_num) values
  ('foi-arc4', 'fist-of-ilmater', 'The Undying Eye', 'The guild plants roots in Waterdeep and repays Neverwinter by hunting a cult of Vecna beneath the city — secrets siphoned from souls, the missing recovered from the crypts of Neverdeath, and a one-eyed lich-god who now has his eye on the party.', 'foi-s185', 'foi-s191', 4)
on conflict (id) do nothing;

update public.sessions set arc_id = 'foi-arc3' where campaign_id = 'fist-of-ilmater' and num between 179 and 184;
update public.sessions set arc_id = 'foi-arc4' where campaign_id = 'fist-of-ilmater' and num between 185 and 191;

-- Quests -------------------------------------------------------------------
-- Theldin is rescued and delivered to the Forge of Spells.
update public.quests set status = 'resolved'
  where id = 'foi-q6' and campaign_id = 'fist-of-ilmater';

insert into public.quests (id, campaign_id, title, status, reward, giver_id, session_id, arc_id, "desc", hooks) values
  ('foi-q9',  'fist-of-ilmater', 'Break the Undying Cult',      'pursuing', 'Neverwinter''s gratitude',       'foi-p34', 'foi-s187', 'foi-arc4', 'A cult beneath Neverwinter worships Vecna and siphons secrets from souls, killing Kevori''s brother among others. The party traced one sect by a desiccated eyeball and broke it — but many more sects hide in the catacombs.', 'The Lord Protector prefers captives to corpses. A desiccated eyeball points the way when you say "Hail the undying".'),
  ('foi-q10', 'fist-of-ilmater', 'Repay Neverwinter''s Debt',   'pursuing', 'The teleportation debt cleared', 'foi-p33', 'foi-s186', 'foi-arc4', 'Users of Neverwinter''s teleportation circles owe the city a day of service. The Lord Protector calls in the debt: help him against the cult killing his citizens.', null),
  ('foi-q11', 'fist-of-ilmater', 'Uncover Vecna''s Design',     'pursuing', 'Unknown',                        null,      'foi-s188', null,       'Vecna''s apparition marked the party after the cult''s ritual. Is the cult trying to release him? What is the connection between the lich-god of secrets and Mephistopheles, whose harvested obelisks bore the same words?', 'The ritual chant matched the Barovian obelisks. Umberto Noblin knows the history of Cas and Vecna.')
on conflict (id) do nothing;

-- Events -------------------------------------------------------------------
insert into public.events (id, campaign_id, title, summary, in_game_date, session_id, location_id, order_num) values
  ('foi-e15', 'fist-of-ilmater', 'The Crater of the Starforge', 'The party climbed the erupting Shadowfell echo of Mount Hotenow and dimension-doored onto the island in the acid lake, where fire giants laboured over a half-built war machine — and tried, badly, to pass themselves off as agents of Mephistopheles.', 'Marpenoth 5', 'foi-s179', 'foi-l15', 15),
  ('foi-e16', 'fist-of-ilmater', 'Brimskarda''s Confession',    'The fire giant Brimskarda told of the Ordning, of Ironslag and the Vonindod, and of the voice of Mephistopheles that now unites the giants. The party dispelled the enchantments holding her and her sister, then killed them both when they turned to fight.', 'Marpenoth 5', 'foi-s180', 'foi-l15', 16),
  ('foi-e17', 'fist-of-ilmater', 'The Fall of Akaanvaerd',      'The party freed Theldin and slew the dragon Akaanvaerd over the acid lake — then his skeletal echo — before opening a teleportation circle home. Theothor, having banished himself, was left behind beneath the Siren Sea.', 'Marpenoth 5', 'foi-s183', 'foi-l15', 17),
  ('foi-e18', 'fist-of-ilmater', 'A Base in Waterdeep',         'The Shields chose Waterdeep for their new base. Rudolph van Richten summoned them, Theldin returned their upgraded gear and asked for Elder Dragon scales, and the Harpers'' gifts — rings, earrings and a Weapon of Certain Death — arrived.', 'Marpenoth 6', 'foi-s186', 'foi-l18', 18),
  ('foi-e19', 'fist-of-ilmater', 'The Undying Cult Uncovered',  'A desiccated eyeball led the party to a Vecna cult beneath Neverwinter. They laid the ghost Chanelle Hallwinter to rest, broke Zalryr''s soul-siphoning ritual, and were marked by the apparition of Vecna: "I have my eye on you."', 'Marpenoth 6', 'foi-s188', 'foi-l11', 19),
  ('foi-e20', 'fist-of-ilmater', 'The Missing of Neverdeath',   'Clearing the Hallix Mausoleum in Neverdeath, the party freed Sarcelle Malinosh and Umberto Noblin, bargained with bound water spirits, and learned of the Crevices of Dusk from the escaped scholar Eldon Keyward.', 'Marpenoth 6', 'foi-s190', 'foi-l19', 20)
on conflict (id) do nothing;

insert into public.event_participants (campaign_id, event_id, person_id) values
  ('fist-of-ilmater', 'foi-e15', 'foi-p4'), ('fist-of-ilmater', 'foi-e15', 'foi-p5'), ('fist-of-ilmater', 'foi-e15', 'foi-p6'),
  ('fist-of-ilmater', 'foi-e16', 'foi-p3'), ('fist-of-ilmater', 'foi-e16', 'foi-p4'), ('fist-of-ilmater', 'foi-e16', 'foi-p5'), ('fist-of-ilmater', 'foi-e16', 'foi-p6'), ('fist-of-ilmater', 'foi-e16', 'foi-p7'),
  ('fist-of-ilmater', 'foi-e17', 'foi-p4'), ('fist-of-ilmater', 'foi-e17', 'foi-p5'), ('fist-of-ilmater', 'foi-e17', 'foi-p7'),
  ('fist-of-ilmater', 'foi-e18', 'foi-p4'), ('fist-of-ilmater', 'foi-e18', 'foi-p5'), ('fist-of-ilmater', 'foi-e18', 'foi-p7'),
  ('fist-of-ilmater', 'foi-e19', 'foi-p4'), ('fist-of-ilmater', 'foi-e19', 'foi-p5'), ('fist-of-ilmater', 'foi-e19', 'foi-p7'),
  ('fist-of-ilmater', 'foi-e20', 'foi-p4'), ('fist-of-ilmater', 'foi-e20', 'foi-p5'), ('fist-of-ilmater', 'foi-e20', 'foi-p6')
on conflict (event_id, person_id) do nothing;

-- Connections --------------------------------------------------------------
-- 0011 clears campaign connections then re-inserts; 0012 is additive, so it
-- only inserts the new edges (no delete — that would wipe 0011's set).
insert into public.connections (campaign_id, from_id, to_id, label) values
  ('fist-of-ilmater', 'foi-q6',  'foi-p28', 'rescued'),
  ('fist-of-ilmater', 'foi-p28', 'foi-l4',  'smiths at'),
  ('fist-of-ilmater', 'foi-p28', 'foi-f7',  'sold to'),
  ('fist-of-ilmater', 'foi-q6',  'foi-l15', 'ended at'),
  ('fist-of-ilmater', 'foi-p29', 'foi-l15', 'guarded'),
  ('fist-of-ilmater', 'foi-p30', 'foi-l17', 'forged the Vonindod at'),
  ('fist-of-ilmater', 'foi-p30', 'foi-p31', 'married'),
  ('fist-of-ilmater', 'foi-p31', 'foi-l17', 'lord of'),
  ('fist-of-ilmater', 'foi-p32', 'foi-f7',  'formed'),
  ('fist-of-ilmater', 'foi-p32', 'foi-l13', 'erupted'),
  ('fist-of-ilmater', 'foi-p30', 'foi-p32', 'fought'),
  ('fist-of-ilmater', 'foi-l15', 'foi-l13', 'forge atop'),
  ('fist-of-ilmater', 'foi-l16', 'foi-l11', 'shadow of'),
  ('fist-of-ilmater', 'foi-p33', 'foi-l11', 'lord protector of'),
  ('fist-of-ilmater', 'foi-q10', 'foi-p33', 'owed to'),
  ('fist-of-ilmater', 'foi-p34', 'foi-p33', 'investigates for'),
  ('fist-of-ilmater', 'foi-q9',  'foi-p34', 'set by'),
  ('fist-of-ilmater', 'foi-q9',  'foi-f9',  'against'),
  ('fist-of-ilmater', 'foi-f9',  'foi-l11', 'hides beneath'),
  ('fist-of-ilmater', 'foi-p35', 'foi-f9',  'led'),
  ('fist-of-ilmater', 'foi-p40', 'foi-f9',  'worshipped by'),
  ('fist-of-ilmater', 'foi-p35', 'foi-p40', 'served'),
  ('fist-of-ilmater', 'foi-q11', 'foi-p40', 'against'),
  ('fist-of-ilmater', 'foi-p40', 'foi-p11', 'unknown link to'),
  ('fist-of-ilmater', 'foi-p36', 'foi-i8',  'guarded'),
  ('fist-of-ilmater', 'foi-p37', 'foi-l16', 'studies the crevices to'),
  ('fist-of-ilmater', 'foi-p37', 'foi-f9',  'escaped'),
  ('fist-of-ilmater', 'foi-p38', 'foi-f9',  'captured by'),
  ('fist-of-ilmater', 'foi-p39', 'foi-f9',  'captured by'),
  ('fist-of-ilmater', 'foi-p39', 'foi-p40', 'historian of'),
  ('fist-of-ilmater', 'foi-i7',  'foi-p3',  'found by'),
  ('fist-of-ilmater', 'foi-i9',  'foi-f6',  'gift of'),
  ('fist-of-ilmater', 'foi-p41', 'foi-f1',  'saint of'),
  ('fist-of-ilmater', 'foi-p37', 'foi-p41', 'reports to');

-- Board positions ----------------------------------------------------------
-- New clusters below the existing board: the Starforge/Shadowfell on the
-- left, the Neverwinter/Vecna web on the right.
insert into public.board_positions (campaign_id, entity_id, x, y, rot, kind) values
  -- Starforge / Shadowfell cluster
  ('fist-of-ilmater', 'foi-p28', 700,  1520, -2, 'people'),
  ('fist-of-ilmater', 'foi-p29', 1150, 1720,  2, 'people'),
  ('fist-of-ilmater', 'foi-p30', 950,  1780, -1, 'people'),
  ('fist-of-ilmater', 'foi-p31', 720,  1780,  3, 'people'),
  ('fist-of-ilmater', 'foi-p32', 520,  1680, -3, 'people'),
  ('fist-of-ilmater', 'foi-l15', 1150, 1550,  1, 'locations'),
  ('fist-of-ilmater', 'foi-l16', 1420, 1600, -2, 'locations'),
  ('fist-of-ilmater', 'foi-l17', 880,  1600,  2, 'locations'),
  ('fist-of-ilmater', 'foi-i7',  1620, 1750, -1, 'items'),
  ('fist-of-ilmater', 'foi-lo5', 680,  1960,  2, 'lore'),
  ('fist-of-ilmater', 'foi-lo6', 1500, 1880, -2, 'lore'),
  -- Neverwinter / Vecna cluster
  ('fist-of-ilmater', 'foi-l18', 1900, 1500,  1, 'locations'),
  ('fist-of-ilmater', 'foi-l19', 2120, 1700, -2, 'locations'),
  ('fist-of-ilmater', 'foi-f9',  1980, 1920, -1, 'factions'),
  ('fist-of-ilmater', 'foi-p33', 1760, 1620,  2, 'people'),
  ('fist-of-ilmater', 'foi-p34', 1980, 1650, -3, 'people'),
  ('fist-of-ilmater', 'foi-p35', 2180, 1900,  1, 'people'),
  ('fist-of-ilmater', 'foi-p36', 2380, 1740, -2, 'people'),
  ('fist-of-ilmater', 'foi-p37', 2320, 1560,  2, 'people'),
  ('fist-of-ilmater', 'foi-p38', 2500, 1900, -1, 'people'),
  ('fist-of-ilmater', 'foi-p39', 2500, 1700,  3, 'people'),
  ('fist-of-ilmater', 'foi-p40', 2160, 2110, -2, 'people'),
  ('fist-of-ilmater', 'foi-p41', 1620, 1440,  1, 'people'),
  ('fist-of-ilmater', 'foi-i8',  2380, 1550, -3, 'items'),
  ('fist-of-ilmater', 'foi-i9',  1780, 1800,  2, 'items'),
  ('fist-of-ilmater', 'foi-lo4', 2000, 2110,  1, 'lore'),
  -- New quests
  ('fist-of-ilmater', 'foi-q9',  2060, 1480, -2, 'quests'),
  ('fist-of-ilmater', 'foi-q10', 1800, 1400,  2, 'quests'),
  ('fist-of-ilmater', 'foi-q11', 2280, 2000, -1, 'quests')
on conflict (campaign_id, entity_id) do nothing;
